候选关键词,出现次数,建议板块,建议置信度
日电,18,待人工判断,低
财联社,18,待人工判断,低
月份,8,待人工判断,低
铁穹,7,待人工判断,低
天舟十号货运飞船,5,待人工判断,低
新华社,5,待人工判断,低
三夏,4,待人工判断,低
以色列已在阿联酋,4,待人工判断,低
日报道,4,待人工判断,低
一季度,3,待人工判断,低
万辆,3,待人工判断,低
世界数字教育大会,3,数字经济,低
中华人民共和国和,3,待人工判断,低
体下跌,3,待人工判断,低
公司的储备技术,3,待人工判断,低
列在阿联酋部署,3,待人工判断,低
利弗莫尔中概股龙,3,待人工判断,低
双边谈判,3,待人工判断,低
同宇新材,3,待人工判断,低
同比增长,3,待人工判断,低
塔吉克斯坦共和国,3,待人工判断,低
头指数跌幅扩大至,3,待人工判断,低
如今,3,待人工判断,低
日大涨,3,待人工判断,低
日表示,3,待人工判断,低
此前连续,3,待人工判断,低
海泰新光,3,待人工判断,低
纳斯达克综合指数,3,待人工判断,低
美驻以大使称以色,3,待人工判断,低
芯片半导体股票集,3,半导体,高
金门,3,待人工判断,低
长三角一体化发展,3,待人工判断,低
高强度镀铜技术是,3,待人工判断,低
万亿元,2,待人工判断,低
专精特新中小企业,2,待人工判断,低
两高,2,待人工判断,低
为主题,2,待人工判断,低
举行的一场会议上,2,待人工判断,低
九二共识,2,待人工判断,低
今年一季度,2,待人工判断,低
